-- ============================================================
-- E-commerce Practice Database (2026 Edition)
-- Customers: 60 | Products: 55 | Orders: 850
-- Generated for SQL practice: joins, window functions, aggregates
-- ============================================================

DROP DATABASE IF EXISTS ecommerce_practice;
CREATE DATABASE ecommerce_practice;
USE ecommerce_practice;

CREATE TABLE customers (
    customer_id INT PRIMARY KEY AUTO_INCREMENT,
    customer_name VARCHAR(100),
    email VARCHAR(150),
    city VARCHAR(50),
    state VARCHAR(50),
    gender VARCHAR(10),
    signup_date DATE
);

CREATE TABLE products (
    product_id INT PRIMARY KEY AUTO_INCREMENT,
    product_name VARCHAR(100),
    category VARCHAR(50),
    price DECIMAL(10,2),
    stock_quantity INT
);

CREATE TABLE orders (
    order_id INT PRIMARY KEY AUTO_INCREMENT,
    customer_id INT,
    product_id INT,
    quantity INT,
    order_date DATE,
    order_status VARCHAR(20),
    payment_method VARCHAR(20),
    total_amount DECIMAL(10,2),
    FOREIGN KEY (customer_id) REFERENCES customers(customer_id),
    FOREIGN KEY (product_id) REFERENCES products(product_id)
);

-- Insert customers
INSERT INTO customers (customer_id, customer_name, email, city, state, gender, signup_date) VALUES
(1, 'Aryan Maharaj', 'aryanmaharaj1@example.com', 'Surat', 'Gujarat', 'Male', '2025-06-13'),
(2, 'Udant Dewan', 'udantdewan2@example.com', 'Chandigarh', 'Punjab', 'Female', '2025-10-04'),
(3, 'Gagan Sami', 'gagansami3@example.com', 'Chennai', 'Tamil Nadu', 'Male', '2026-06-13'),
(4, 'Ayushman Chander', 'ayushmanchander4@example.com', 'Delhi', 'Delhi', 'Male', '2026-03-30'),
(5, 'Viraj Tiwari', 'virajtiwari5@example.com', 'Kolkata', 'West Bengal', 'Male', '2025-06-16'),
(6, 'Rushil Saini', 'rushilsaini6@example.com', 'Delhi', 'Delhi', 'Male', '2025-09-28'),
(7, 'Saumya Mall', 'saumyamall7@example.com', 'Jaipur', 'Rajasthan', 'Male', '2026-03-15'),
(8, 'Nathaniel Sami', 'nathanielsami8@example.com', 'Chennai', 'Tamil Nadu', 'Female', '2025-09-21'),
(9, 'Arunima Dugal', 'arunimadugal9@example.com', 'Ahmedabad', 'Gujarat', 'Female', '2025-06-04'),
(10, 'Gayathri Chaudry', 'gayathrichaudry10@example.com', 'Bangalore', 'Karnataka', 'Female', '2025-11-22'),
(11, 'Lajita Chatterjee', 'lajitachatterjee11@example.com', 'Hyderabad', 'Telangana', 'Male', '2025-09-19'),
(12, 'Hemangini Lalla', 'hemanginilalla12@example.com', 'Pune', 'Maharashtra', 'Male', '2025-07-18'),
(13, 'Tripti Yadav', 'triptiyadav13@example.com', 'Kolkata', 'West Bengal', 'Male', '2025-12-01'),
(14, 'Kritika Brar', 'kritikabrar14@example.com', 'Pune', 'Maharashtra', 'Female', '2025-06-23'),
(15, 'Janaki Handa', 'janakihanda15@example.com', 'Chandigarh', 'Punjab', 'Female', '2026-03-02'),
(16, 'Chakradev Kari', 'chakradevkari16@example.com', 'Delhi', 'Delhi', 'Female', '2025-07-11'),
(17, 'Fariq Kaul', 'fariqkaul17@example.com', 'Jaipur', 'Rajasthan', 'Female', '2026-04-18'),
(18, 'Lajita Mall', 'lajitamall18@example.com', 'Lucknow', 'Uttar Pradesh', 'Female', '2026-03-23'),
(19, 'Janya Gaba', 'janyagaba19@example.com', 'Chennai', 'Tamil Nadu', 'Male', '2025-06-24'),
(20, 'Isha Kadakia', 'ishakadakia20@example.com', 'Surat', 'Gujarat', 'Male', '2025-10-27'),
(21, 'Ekbal Garg', 'ekbalgarg21@example.com', 'Delhi', 'Delhi', 'Male', '2025-07-22'),
(22, 'Nihal Shere', 'nihalshere22@example.com', 'Kolkata', 'West Bengal', 'Female', '2026-01-19'),
(23, 'Anamika Kanda', 'anamikakanda23@example.com', 'Surat', 'Gujarat', 'Female', '2025-08-23'),
(24, 'Daksh Karnik', 'dakshkarnik24@example.com', 'Pune', 'Maharashtra', 'Female', '2025-09-16'),
(25, 'Diya Rattan', 'diyarattan25@example.com', 'Surat', 'Gujarat', 'Female', '2026-05-26'),
(26, 'Dominic Kakar', 'dominickakar26@example.com', 'Surat', 'Gujarat', 'Male', '2026-04-08'),
(27, 'Simon Tata', 'simontata27@example.com', 'Surat', 'Gujarat', 'Male', '2026-03-01'),
(28, 'Tara Dhar', 'taradhar28@example.com', 'Chandigarh', 'Punjab', 'Male', '2025-08-23'),
(29, 'Liam Koshy', 'liamkoshy29@example.com', 'Ahmedabad', 'Gujarat', 'Female', '2025-10-17'),
(30, 'Priya Rastogi', 'priyarastogi30@example.com', 'Surat', 'Gujarat', 'Male', '2026-05-17'),
(31, 'Theodore Devi', 'theodoredevi31@example.com', 'Pune', 'Maharashtra', 'Male', '2025-09-26'),
(32, 'Gavin Batta', 'gavinbatta32@example.com', 'Mumbai', 'Maharashtra', 'Female', '2025-12-23'),
(33, 'Michael Dutta', 'michaeldutta33@example.com', 'Hyderabad', 'Telangana', 'Male', '2025-09-17'),
(34, 'Devansh Rajan', 'devanshrajan34@example.com', 'Lucknow', 'Uttar Pradesh', 'Female', '2025-09-17'),
(35, 'Upadhriti Wadhwa', 'upadhritiwadhwa35@example.com', 'Surat', 'Gujarat', 'Female', '2025-12-20'),
(36, 'Advay Contractor', 'advaycontractor36@example.com', 'Surat', 'Gujarat', 'Female', '2025-08-13'),
(37, 'Harini Choudhury', 'harinichoudhury37@example.com', 'Hyderabad', 'Telangana', 'Male', '2025-10-05'),
(38, 'Radhika Dugar', 'radhikadugar38@example.com', 'Chandigarh', 'Punjab', 'Female', '2026-06-18'),
(39, 'Aarush Lall', 'aarushlall39@example.com', 'Lucknow', 'Uttar Pradesh', 'Female', '2026-03-26'),
(40, 'Yashica Cherian', 'yashicacherian40@example.com', 'Kolkata', 'West Bengal', 'Female', '2025-09-21'),
(41, 'Yashica Issac', 'yashicaissac41@example.com', 'Bangalore', 'Karnataka', 'Female', '2025-07-17'),
(42, 'Kashvi Edwin', 'kashviedwin42@example.com', 'Mumbai', 'Maharashtra', 'Male', '2025-08-18'),
(43, 'Ekiya Suresh', 'ekiyasuresh43@example.com', 'Surat', 'Gujarat', 'Male', '2026-05-15'),
(44, 'Isaac Patil', 'isaacpatil44@example.com', 'Kolkata', 'West Bengal', 'Male', '2025-12-15'),
(45, 'Wriddhish Bhardwaj', 'wriddhishbhardwaj45@example.com', 'Kolkata', 'West Bengal', 'Female', '2026-02-26'),
(46, 'Farhan Chada', 'farhanchada46@example.com', 'Hyderabad', 'Telangana', 'Male', '2026-05-15'),
(47, 'Ekapad Walia', 'ekapadwalia47@example.com', 'Chandigarh', 'Punjab', 'Male', '2026-05-16'),
(48, 'Kabir Soman', 'kabirsoman48@example.com', 'Jaipur', 'Rajasthan', 'Female', '2026-04-25'),
(49, 'Alka Wable', 'alkawable49@example.com', 'Pune', 'Maharashtra', 'Male', '2025-10-29'),
(50, 'Siddharth Zacharia', 'siddharthzacharia50@example.com', 'Kolkata', 'West Bengal', 'Male', '2026-01-19'),
(51, 'Devika Rastogi', 'devikarastogi51@example.com', 'Mumbai', 'Maharashtra', 'Female', '2026-02-12'),
(52, 'Raksha Varughese', 'rakshavarughese52@example.com', 'Bangalore', 'Karnataka', 'Male', '2026-04-17'),
(53, 'Jai Kota', 'jaikota53@example.com', 'Hyderabad', 'Telangana', 'Male', '2025-08-18'),
(54, 'Devansh Nigam', 'devanshnigam54@example.com', 'Pune', 'Maharashtra', 'Male', '2026-03-04'),
(55, 'Victor Kannan', 'victorkannan55@example.com', 'Jaipur', 'Rajasthan', 'Male', '2026-04-03'),
(56, 'Ekavir Bhargava', 'ekavirbhargava56@example.com', 'Pune', 'Maharashtra', 'Female', '2025-06-10'),
(57, 'Ekansh Balay', 'ekanshbalay57@example.com', 'Delhi', 'Delhi', 'Female', '2025-11-05'),
(58, 'Ekavir Varkey', 'ekavirvarkey58@example.com', 'Chennai', 'Tamil Nadu', 'Male', '2025-10-02'),
(59, 'Arya Sunder', 'aryasunder59@example.com', 'Lucknow', 'Uttar Pradesh', 'Male', '2025-07-14'),
(60, 'Kevin Solanki', 'kevinsolanki60@example.com', 'Chandigarh', 'Punjab', 'Female', '2025-07-06');

-- Insert products
INSERT INTO products (product_id, product_name, category, price, stock_quantity) VALUES
(1, 'Wireless Mouse', 'Electronics', 24457.42, 282),
(2, 'Bluetooth Headphones', 'Electronics', 19238.53, 75),
(3, 'Smart Watch', 'Electronics', 16628.87, 494),
(4, 'Laptop Stand', 'Electronics', 13924.17, 145),
(5, 'USB-C Hub', 'Electronics', 13379.78, 320),
(6, 'Power Bank 20000mAh', 'Electronics', 10808.19, 118),
(7, 'Mechanical Keyboard', 'Electronics', 23250.27, 396),
(8, 'Webcam HD', 'Electronics', 18355.3, 112),
(9, 'Bluetooth Speaker', 'Electronics', 17937.54, 214),
(10, 'Tablet 10-inch', 'Electronics', 24879.67, 342),
(11, 'Smartphone Earbuds', 'Electronics', 9585.14, 470),
(12, 'Gaming Monitor 24-inch', 'Electronics', 13131.37, 71),
(13, 'Running Shoes', 'Footwear', 1840.2, 42),
(14, 'Casual Sneakers', 'Footwear', 2218.96, 311),
(15, 'Formal Loafers', 'Footwear', 3125.47, 311),
(16, 'Sports Sandals', 'Footwear', 1723.91, 46),
(17, 'Hiking Boots', 'Footwear', 3771.93, 40),
(18, 'Canvas Shoes', 'Footwear', 1760.56, 473),
(19, 'Cotton T-Shirt', 'Apparel', 383.81, 179),
(20, 'Denim Jeans', 'Apparel', 490.31, 131),
(21, 'Formal Shirt', 'Apparel', 1050.89, 258),
(22, 'Hoodie', 'Apparel', 877.44, 77),
(23, 'Jacket', 'Apparel', 2252.05, 461),
(24, 'Track Pants', 'Apparel', 1840.82, 252),
(25, 'Kurta Set', 'Apparel', 955.09, 252),
(26, 'Summer Dress', 'Apparel', 2479.24, 107),
(27, 'Yoga Mat', 'Fitness', 415.95, 347),
(28, 'Resistance Bands Set', 'Fitness', 1190.42, 226),
(29, 'Dumbbell 5kg', 'Fitness', 1144.54, 452),
(30, 'Water Bottle', 'Fitness', 1875.87, 354),
(31, 'Skipping Rope', 'Fitness', 1701.95, 340),
(32, 'Foam Roller', 'Fitness', 425.36, 216),
(33, 'Gym Gloves', 'Fitness', 1873.89, 419),
(34, 'Backpack', 'Accessories', 3480.27, 137),
(35, 'Leather Wallet', 'Accessories', 967.46, 284),
(36, 'Sunglasses', 'Accessories', 1931.3, 226),
(37, 'Wrist Watch', 'Accessories', 937.08, 246),
(38, 'Travel Duffel Bag', 'Accessories', 1185.77, 482),
(39, 'Cap', 'Accessories', 531.69, 423),
(40, 'Belt', 'Accessories', 3479.06, 291),
(41, 'Non-stick Pan', 'Home & Kitchen', 1045.2, 343),
(42, 'Electric Kettle', 'Home & Kitchen', 6994.26, 438),
(43, 'Vacuum Flask', 'Home & Kitchen', 496.4, 57),
(44, 'Mixer Grinder', 'Home & Kitchen', 6513.02, 444),
(45, 'LED Desk Lamp', 'Home & Kitchen', 1959.1, 218),
(46, 'Storage Organizer Set', 'Home & Kitchen', 3604.23, 119),
(47, 'Fiction Bestseller', 'Books', 711.02, 472),
(48, 'Self-Help Book', 'Books', 187.11, 204),
(49, 'Cookbook', 'Books', 150.4, 209),
(50, 'Children''s Story Book', 'Books', 321.38, 411),
(51, 'Face Wash', 'Beauty', 1601.49, 156),
(52, 'Moisturizer Cream', 'Beauty', 931.56, 500),
(53, 'Sunscreen SPF50', 'Beauty', 1500.43, 411),
(54, 'Perfume 100ml', 'Beauty', 1177.17, 377),
(55, 'Hair Serum', 'Beauty', 1049.34, 107);

-- Insert orders
INSERT INTO orders (order_id, customer_id, product_id, quantity, order_date, order_status, payment_method, total_amount) VALUES
(1, 9, 48, 1, '2026-01-01', 'Cancelled', 'Credit Card', 187.11),
(2, 36, 30, 4, '2026-01-02', 'Delivered', 'Cash on Delivery', 7503.48),
(3, 13, 53, 2, '2026-01-02', 'Delivered', 'Credit Card', 3000.86),
(4, 35, 32, 1, '2026-01-02', 'Cancelled', 'Cash on Delivery', 425.36),
(5, 53, 24, 1, '2026-01-02', 'Delivered', 'Cash on Delivery', 1840.82),
(6, 59, 26, 1, '2026-01-02', 'Shipped', 'Credit Card', 2479.24),
(7, 31, 6, 1, '2026-01-03', 'Delivered', 'Cash on Delivery', 10808.19),
(8, 11, 53, 1, '2026-01-03', 'Delivered', 'Net Banking', 1500.43),
(9, 53, 14, 1, '2026-01-04', 'Delivered', 'Wallet', 2218.96),
(10, 16, 3, 3, '2026-01-04', 'Shipped', 'Net Banking', 49886.61),
(11, 9, 50, 2, '2026-01-05', 'Delivered', 'Wallet', 642.76),
(12, 13, 50, 3, '2026-01-05', 'Delivered', 'Credit Card', 964.14),
(13, 60, 44, 3, '2026-01-07', 'Delivered', 'Wallet', 19539.06),
(14, 60, 11, 3, '2026-01-07', 'Returned', 'Wallet', 28755.42),
(15, 35, 13, 1, '2026-01-07', 'Processing', 'UPI', 1840.2),
(16, 5, 53, 1, '2026-01-08', 'Delivered', 'Credit Card', 1500.43),
(17, 42, 5, 2, '2026-01-08', 'Delivered', 'Wallet', 26759.56),
(18, 32, 43, 1, '2026-01-08', 'Delivered', 'Cash on Delivery', 496.4),
(19, 20, 3, 2, '2026-01-08', 'Shipped', 'UPI', 33257.74),
(20, 6, 2, 2, '2026-01-08', 'Cancelled', 'Cash on Delivery', 38477.06),
(21, 20, 23, 5, '2026-01-08', 'Shipped', 'Credit Card', 11260.25),
(22, 35, 44, 1, '2026-01-09', 'Shipped', 'Credit Card', 6513.02),
(23, 19, 43, 1, '2026-01-09', 'Delivered', 'Net Banking', 496.4),
(24, 41, 13, 2, '2026-01-10', 'Delivered', 'Net Banking', 3680.4),
(25, 57, 53, 4, '2026-01-10', 'Delivered', 'Debit Card', 6001.72),
(26, 29, 23, 1, '2026-01-10', 'Cancelled', 'Credit Card', 2252.05),
(27, 42, 3, 2, '2026-01-10', 'Delivered', 'UPI', 33257.74),
(28, 36, 52, 2, '2026-01-11', 'Returned', 'Cash on Delivery', 1863.12),
(29, 29, 6, 1, '2026-01-11', 'Shipped', 'Debit Card', 10808.19),
(30, 40, 30, 1, '2026-01-12', 'Cancelled', 'Credit Card', 1875.87),
(31, 14, 53, 2, '2026-01-13', 'Delivered', 'UPI', 3000.86),
(32, 2, 48, 3, '2026-01-13', 'Returned', 'Debit Card', 561.33),
(33, 9, 26, 1, '2026-01-13', 'Shipped', 'Net Banking', 2479.24),
(34, 20, 28, 1, '2026-01-14', 'Shipped', 'Net Banking', 1190.42),
(35, 57, 25, 4, '2026-01-14', 'Shipped', 'Cash on Delivery', 3820.36),
(36, 28, 30, 1, '2026-01-15', 'Returned', 'Wallet', 1875.87),
(37, 8, 37, 1, '2026-01-15', 'Delivered', 'Cash on Delivery', 937.08),
(38, 35, 10, 1, '2026-01-15', 'Delivered', 'Cash on Delivery', 24879.67),
(39, 11, 15, 1, '2026-01-16', 'Delivered', 'Debit Card', 3125.47),
(40, 24, 50, 2, '2026-01-16', 'Cancelled', 'Debit Card', 642.76),
(41, 5, 15, 1, '2026-01-16', 'Cancelled', 'Cash on Delivery', 3125.47),
(42, 34, 14, 1, '2026-01-16', 'Delivered', 'Wallet', 2218.96),
(43, 21, 24, 2, '2026-01-16', 'Delivered', 'Debit Card', 3681.64),
(44, 40, 44, 1, '2026-01-16', 'Delivered', 'UPI', 6513.02),
(45, 60, 54, 2, '2026-01-17', 'Shipped', 'Debit Card', 2354.34),
(46, 36, 51, 1, '2026-01-17', 'Delivered', 'Wallet', 1601.49),
(47, 8, 30, 1, '2026-01-17', 'Delivered', 'Debit Card', 1875.87),
(48, 42, 5, 5, '2026-01-18', 'Delivered', 'Net Banking', 66898.9),
(49, 11, 35, 1, '2026-01-18', 'Delivered', 'Net Banking', 967.46),
(50, 29, 32, 1, '2026-01-18', 'Shipped', 'UPI', 425.36),
(51, 41, 33, 1, '2026-01-18', 'Delivered', 'Credit Card', 1873.89),
(52, 60, 25, 1, '2026-01-19', 'Delivered', 'Net Banking', 955.09),
(53, 35, 10, 1, '2026-01-19', 'Delivered', 'Cash on Delivery', 24879.67),
(54, 41, 38, 1, '2026-01-19', 'Delivered', 'Debit Card', 1185.77),
(55, 40, 33, 3, '2026-01-19', 'Delivered', 'Credit Card', 5621.67),
(56, 42, 9, 1, '2026-01-20', 'Delivered', 'UPI', 17937.54),
(57, 60, 17, 1, '2026-01-20', 'Delivered', 'Credit Card', 3771.93),
(58, 9, 40, 1, '2026-01-21', 'Processing', 'Cash on Delivery', 3479.06),
(59, 28, 51, 1, '2026-01-21', 'Delivered', 'Wallet', 1601.49),
(60, 19, 39, 1, '2026-01-21', 'Delivered', 'UPI', 531.69),
(61, 42, 28, 2, '2026-01-21', 'Cancelled', 'Cash on Delivery', 2380.84),
(62, 42, 28, 1, '2026-01-22', 'Delivered', 'Net Banking', 1190.42),
(63, 8, 50, 1, '2026-01-22', 'Delivered', 'UPI', 321.38),
(64, 60, 28, 1, '2026-01-22', 'Delivered', 'Wallet', 1190.42),
(65, 40, 31, 1, '2026-01-22', 'Shipped', 'UPI', 1701.95),
(66, 10, 28, 1, '2026-01-22', 'Shipped', 'Cash on Delivery', 1190.42),
(67, 36, 4, 1, '2026-01-22', 'Cancelled', 'Cash on Delivery', 13924.17),
(68, 53, 3, 1, '2026-01-23', 'Returned', 'UPI', 16628.87),
(69, 12, 50, 2, '2026-01-23', 'Cancelled', 'Cash on Delivery', 642.76),
(70, 24, 16, 2, '2026-01-24', 'Cancelled', 'Net Banking', 3447.82),
(71, 12, 5, 4, '2026-01-24', 'Processing', 'Cash on Delivery', 53519.12),
(72, 12, 50, 2, '2026-01-24', 'Shipped', 'UPI', 642.76),
(73, 49, 38, 1, '2026-01-24', 'Delivered', 'Wallet', 1185.77),
(74, 22, 16, 4, '2026-01-25', 'Delivered', 'Net Banking', 6895.64),
(75, 9, 53, 1, '2026-01-26', 'Returned', 'UPI', 1500.43),
(76, 24, 51, 1, '2026-01-26', 'Processing', 'Debit Card', 1601.49),
(77, 11, 33, 2, '2026-01-26', 'Delivered', 'Cash on Delivery', 3747.78),
(78, 53, 12, 1, '2026-01-27', 'Processing', 'Cash on Delivery', 13131.37),
(79, 58, 36, 3, '2026-01-27', 'Delivered', 'Cash on Delivery', 5793.9),
(80, 59, 37, 1, '2026-01-27', 'Delivered', 'Debit Card', 937.08),
(81, 42, 46, 1, '2026-01-27', 'Delivered', 'Cash on Delivery', 3604.23),
(82, 9, 29, 2, '2026-01-27', 'Cancelled', 'Net Banking', 2289.08),
(83, 53, 4, 2, '2026-01-27', 'Shipped', 'Wallet', 27848.34),
(84, 19, 37, 1, '2026-01-28', 'Cancelled', 'Credit Card', 937.08),
(85, 10, 43, 1, '2026-01-28', 'Delivered', 'Net Banking', 496.4),
(86, 23, 8, 2, '2026-01-28', 'Delivered', 'Net Banking', 36710.6),
(87, 49, 14, 2, '2026-01-29', 'Delivered', 'UPI', 4437.92),
(88, 23, 15, 4, '2026-01-29', 'Delivered', 'Wallet', 12501.88),
(89, 11, 39, 1, '2026-01-29', 'Processing', 'UPI', 531.69),
(90, 24, 4, 2, '2026-01-29', 'Delivered', 'Wallet', 27848.34),
(91, 49, 26, 2, '2026-01-29', 'Delivered', 'Cash on Delivery', 4958.48),
(92, 36, 44, 1, '2026-01-30', 'Delivered', 'Wallet', 6513.02),
(93, 2, 24, 1, '2026-01-30', 'Returned', 'UPI', 1840.82),
(94, 24, 45, 1, '2026-01-30', 'Delivered', 'Cash on Delivery', 1959.1),
(95, 42, 18, 4, '2026-01-30', 'Cancelled', 'Debit Card', 7042.24),
(96, 24, 43, 3, '2026-01-31', 'Delivered', 'Debit Card', 1489.2),
(97, 49, 6, 2, '2026-01-31', 'Shipped', 'UPI', 21616.38),
(98, 24, 27, 1, '2026-02-01', 'Delivered', 'Credit Card', 415.95),
(99, 50, 33, 5, '2026-02-01', 'Delivered', 'Wallet', 9369.45),
(100, 20, 36, 2, '2026-02-02', 'Shipped', 'Cash on Delivery', 3862.6),
(101, 23, 16, 2, '2026-02-03', 'Returned', 'Debit Card', 3447.82),
(102, 31, 7, 1, '2026-02-03', 'Delivered', 'Wallet', 23250.27),
(103, 19, 16, 2, '2026-02-03', 'Delivered', 'UPI', 3447.82),
(104, 35, 53, 2, '2026-02-04', 'Cancelled', 'Credit Card', 3000.86),
(105, 59, 53, 1, '2026-02-04', 'Delivered', 'Net Banking', 1500.43),
(106, 16, 39, 1, '2026-02-04', 'Shipped', 'UPI', 531.69),
(107, 20, 43, 3, '2026-02-05', 'Delivered', 'Wallet', 1489.2),
(108, 23, 43, 1, '2026-02-05', 'Delivered', 'UPI', 496.4),
(109, 29, 48, 1, '2026-02-06', 'Returned', 'UPI', 187.11),
(110, 60, 50, 5, '2026-02-06', 'Processing', 'Wallet', 1606.9),
(111, 23, 50, 1, '2026-02-08', 'Delivered', 'Net Banking', 321.38),
(112, 60, 44, 2, '2026-02-08', 'Returned', 'UPI', 13026.04),
(113, 41, 18, 1, '2026-02-08', 'Delivered', 'Net Banking', 1760.56),
(114, 53, 24, 2, '2026-02-09', 'Delivered', 'Credit Card', 3681.64),
(115, 22, 8, 1, '2026-02-09', 'Delivered', 'Cash on Delivery', 18355.3),
(116, 16, 14, 2, '2026-02-09', 'Delivered', 'UPI', 4437.92),
(117, 35, 19, 2, '2026-02-09', 'Delivered', 'Wallet', 767.62),
(118, 60, 35, 1, '2026-02-10', 'Shipped', 'Cash on Delivery', 967.46),
(119, 34, 22, 1, '2026-02-10', 'Processing', 'Debit Card', 877.44),
(120, 42, 43, 1, '2026-02-10', 'Delivered', 'Cash on Delivery', 496.4),
(121, 9, 13, 3, '2026-02-11', 'Delivered', 'Credit Card', 5520.6),
(122, 58, 26, 4, '2026-02-12', 'Delivered', 'Credit Card', 9916.96),
(123, 21, 36, 1, '2026-02-12', 'Processing', 'Net Banking', 1931.3),
(124, 42, 30, 3, '2026-02-13', 'Delivered', 'Debit Card', 5627.61),
(125, 53, 43, 1, '2026-02-13', 'Delivered', 'Cash on Delivery', 496.4),
(126, 35, 31, 2, '2026-02-13', 'Processing', 'Wallet', 3403.9),
(127, 35, 44, 4, '2026-02-13', 'Delivered', 'Debit Card', 26052.08),
(128, 32, 38, 1, '2026-02-14', 'Delivered', 'Net Banking', 1185.77),
(129, 59, 5, 3, '2026-02-14', 'Returned', 'Net Banking', 40139.34),
(130, 24, 30, 4, '2026-02-15', 'Delivered', 'Cash on Delivery', 7503.48),
(131, 16, 37, 2, '2026-02-15', 'Cancelled', 'Wallet', 1874.16),
(132, 56, 46, 1, '2026-02-16', 'Shipped', 'Wallet', 3604.23),
(133, 10, 7, 1, '2026-02-16', 'Processing', 'Wallet', 23250.27),
(134, 49, 35, 3, '2026-02-16', 'Shipped', 'Credit Card', 2902.38),
(135, 9, 31, 3, '2026-02-17', 'Delivered', 'Credit Card', 5105.85),
(136, 50, 21, 2, '2026-02-17', 'Shipped', 'Cash on Delivery', 2101.78),
(137, 1, 36, 1, '2026-02-17', 'Delivered', 'Cash on Delivery', 1931.3),
(138, 20, 24, 2, '2026-02-18', 'Returned', 'Credit Card', 3681.64),
(139, 40, 31, 1, '2026-02-18', 'Delivered', 'Credit Card', 1701.95),
(140, 24, 24, 2, '2026-02-19', 'Processing', 'Cash on Delivery', 3681.64),
(141, 8, 6, 1, '2026-02-19', 'Shipped', 'Debit Card', 10808.19),
(142, 41, 6, 2, '2026-02-19', 'Processing', 'Net Banking', 21616.38),
(143, 29, 35, 1, '2026-02-20', 'Returned', 'Cash on Delivery', 967.46),
(144, 23, 32, 1, '2026-02-21', 'Shipped', 'Cash on Delivery', 425.36),
(145, 11, 4, 3, '2026-02-21', 'Processing', 'Credit Card', 41772.51),
(146, 10, 18, 1, '2026-02-22', 'Returned', 'Debit Card', 1760.56),
(147, 36, 23, 2, '2026-02-22', 'Shipped', 'Wallet', 4504.1),
(148, 53, 9, 1, '2026-02-22', 'Delivered', 'Net Banking', 17937.54),
(149, 24, 15, 2, '2026-02-22', 'Cancelled', 'Cash on Delivery', 6250.94),
(150, 22, 39, 2, '2026-02-22', 'Cancelled', 'Credit Card', 1063.38),
(151, 29, 24, 2, '2026-02-23', 'Returned', 'Debit Card', 3681.64),
(152, 24, 35, 1, '2026-02-23', 'Returned', 'UPI', 967.46),
(153, 53, 48, 1, '2026-02-25', 'Returned', 'Debit Card', 187.11),
(154, 35, 42, 3, '2026-02-26', 'Returned', 'Credit Card', 20982.78),
(155, 24, 24, 2, '2026-02-26', 'Delivered', 'UPI', 3681.64),
(156, 49, 3, 1, '2026-02-26', 'Delivered', 'Wallet', 16628.87),
(157, 10, 50, 1, '2026-02-26', 'Delivered', 'Debit Card', 321.38),
(158, 29, 5, 3, '2026-02-27', 'Cancelled', 'Cash on Delivery', 40139.34),
(159, 22, 6, 2, '2026-02-27', 'Returned', 'Credit Card', 21616.38),
(160, 45, 1, 3, '2026-02-27', 'Delivered', 'UPI', 73372.26),
(161, 53, 37, 1, '2026-02-27', 'Shipped', 'Net Banking', 937.08),
(162, 1, 50, 1, '2026-02-28', 'Delivered', 'Cash on Delivery', 321.38),
(163, 5, 36, 5, '2026-02-28', 'Processing', 'Net Banking', 9656.5),
(164, 51, 43, 1, '2026-02-28', 'Cancelled', 'Credit Card', 496.4),
(165, 45, 8, 2, '2026-02-28', 'Cancelled', 'Cash on Delivery', 36710.6),
(166, 59, 36, 2, '2026-02-28', 'Cancelled', 'Credit Card', 3862.6),
(167, 12, 33, 4, '2026-03-01', 'Cancelled', 'Wallet', 7495.56),
(168, 49, 19, 1, '2026-03-01', 'Delivered', 'Credit Card', 383.81),
(169, 58, 53, 1, '2026-03-01', 'Cancelled', 'Credit Card', 1500.43),
(170, 32, 36, 1, '2026-03-02', 'Shipped', 'Credit Card', 1931.3),
(171, 42, 3, 1, '2026-03-02', 'Processing', 'UPI', 16628.87),
(172, 42, 26, 1, '2026-03-02', 'Processing', 'Debit Card', 2479.24),
(173, 42, 51, 2, '2026-03-02', 'Returned', 'Debit Card', 3202.98),
(174, 13, 48, 1, '2026-03-02', 'Shipped', 'Wallet', 187.11),
(175, 56, 49, 5, '2026-03-03', 'Cancelled', 'Credit Card', 752.0),
(176, 14, 35, 1, '2026-03-03', 'Returned', 'Cash on Delivery', 967.46),
(177, 11, 25, 2, '2026-03-03', 'Cancelled', 'Credit Card', 1910.18),
(178, 16, 35, 3, '2026-03-04', 'Delivered', 'Wallet', 2902.38),
(179, 16, 13, 2, '2026-03-04', 'Returned', 'Cash on Delivery', 3680.4),
(180, 50, 44, 1, '2026-03-04', 'Delivered', 'Credit Card', 6513.02),
(181, 9, 27, 3, '2026-03-04', 'Cancelled', 'Wallet', 1247.85),
(182, 11, 33, 1, '2026-03-05', 'Delivered', 'Cash on Delivery', 1873.89),
(183, 15, 36, 1, '2026-03-05', 'Delivered', 'Net Banking', 1931.3),
(184, 53, 14, 2, '2026-03-05', 'Cancelled', 'Net Banking', 4437.92),
(185, 53, 24, 2, '2026-03-05', 'Shipped', 'Net Banking', 3681.64),
(186, 36, 50, 1, '2026-03-06', 'Cancelled', 'Credit Card', 321.38),
(187, 22, 13, 2, '2026-03-06', 'Delivered', 'Net Banking', 3680.4),
(188, 11, 27, 1, '2026-03-07', 'Delivered', 'Net Banking', 415.95),
(189, 35, 22, 2, '2026-03-07', 'Processing', 'Net Banking', 1754.88),
(190, 45, 43, 2, '2026-03-08', 'Delivered', 'Credit Card', 992.8),
(191, 32, 51, 1, '2026-03-08', 'Returned', 'Credit Card', 1601.49),
(192, 60, 25, 1, '2026-03-08', 'Delivered', 'Cash on Delivery', 955.09),
(193, 51, 33, 2, '2026-03-08', 'Returned', 'UPI', 3747.78),
(194, 8, 25, 2, '2026-03-08', 'Cancelled', 'Cash on Delivery', 1910.18),
(195, 36, 19, 2, '2026-03-08', 'Delivered', 'Cash on Delivery', 767.62),
(196, 35, 12, 2, '2026-03-08', 'Returned', 'Cash on Delivery', 26262.74),
(197, 9, 53, 1, '2026-03-09', 'Delivered', 'UPI', 1500.43),
(198, 35, 48, 1, '2026-03-09', 'Processing', 'Net Banking', 187.11),
(199, 53, 36, 2, '2026-03-09', 'Delivered', 'Wallet', 3862.6),
(200, 58, 30, 1, '2026-03-09', 'Delivered', 'Debit Card', 1875.87);

INSERT INTO orders (order_id, customer_id, product_id, quantity, order_date, order_status, payment_method, total_amount) VALUES
(201, 1, 23, 1, '2026-03-10', 'Processing', 'Debit Card', 2252.05),
(202, 32, 38, 1, '2026-03-10', 'Shipped', 'Debit Card', 1185.77),
(203, 23, 18, 2, '2026-03-10', 'Cancelled', 'Debit Card', 3521.12),
(204, 12, 36, 2, '2026-03-11', 'Returned', 'Wallet', 3862.6),
(205, 23, 24, 2, '2026-03-11', 'Delivered', 'Cash on Delivery', 3681.64),
(206, 27, 5, 1, '2026-03-11', 'Delivered', 'Wallet', 13379.78),
(207, 54, 31, 1, '2026-03-11', 'Shipped', 'Credit Card', 1701.95),
(208, 23, 51, 3, '2026-03-12', 'Shipped', 'UPI', 4804.47),
(209, 59, 44, 4, '2026-03-12', 'Delivered', 'Wallet', 26052.08),
(210, 42, 28, 1, '2026-03-12', 'Processing', 'Debit Card', 1190.42),
(211, 49, 51, 1, '2026-03-12', 'Delivered', 'Cash on Delivery', 1601.49),
(212, 29, 21, 1, '2026-03-13', 'Shipped', 'Cash on Delivery', 1050.89),
(213, 41, 47, 2, '2026-03-13', 'Delivered', 'Wallet', 1422.04),
(214, 2, 45, 1, '2026-03-13', 'Returned', 'Wallet', 1959.1),
(215, 42, 33, 1, '2026-03-14', 'Cancelled', 'Cash on Delivery', 1873.89),
(216, 35, 6, 5, '2026-03-14', 'Returned', 'Wallet', 54040.95),
(217, 36, 37, 1, '2026-03-14', 'Processing', 'Debit Card', 937.08),
(218, 28, 24, 2, '2026-03-14', 'Delivered', 'Cash on Delivery', 3681.64),
(219, 29, 14, 1, '2026-03-15', 'Delivered', 'Debit Card', 2218.96),
(220, 57, 35, 1, '2026-03-15', 'Delivered', 'Debit Card', 967.46),
(221, 29, 4, 2, '2026-03-15', 'Processing', 'UPI', 27848.34),
(222, 40, 23, 2, '2026-03-15', 'Delivered', 'Net Banking', 4504.1),
(223, 33, 43, 1, '2026-03-15', 'Returned', 'Cash on Delivery', 496.4),
(224, 40, 8, 4, '2026-03-16', 'Shipped', 'Net Banking', 73421.2),
(225, 27, 50, 1, '2026-03-16', 'Delivered', 'Debit Card', 321.38),
(226, 23, 46, 4, '2026-03-16', 'Processing', 'Wallet', 14416.92),
(227, 20, 46, 1, '2026-03-17', 'Processing', 'UPI', 3604.23),
(228, 32, 30, 2, '2026-03-17', 'Delivered', 'Credit Card', 3751.74),
(229, 45, 32, 3, '2026-03-17', 'Delivered', 'Net Banking', 1276.08),
(230, 36, 10, 1, '2026-03-17', 'Delivered', 'Credit Card', 24879.67),
(231, 49, 31, 2, '2026-03-18', 'Returned', 'UPI', 3403.9),
(232, 29, 53, 1, '2026-03-18', 'Delivered', 'Debit Card', 1500.43),
(233, 60, 47, 3, '2026-03-18', 'Returned', 'Wallet', 2133.06),
(234, 42, 53, 1, '2026-03-18', 'Returned', 'Debit Card', 1500.43),
(235, 20, 39, 3, '2026-03-18', 'Delivered', 'Credit Card', 1595.07),
(236, 35, 24, 3, '2026-03-19', 'Shipped', 'Credit Card', 5522.46),
(237, 49, 17, 1, '2026-03-19', 'Delivered', 'Wallet', 3771.93),
(238, 15, 35, 2, '2026-03-19', 'Delivered', 'Debit Card', 1934.92),
(239, 37, 38, 1, '2026-03-19', 'Delivered', 'Wallet', 1185.77),
(240, 60, 50, 3, '2026-03-19', 'Delivered', 'Debit Card', 964.14),
(241, 29, 48, 1, '2026-03-19', 'Delivered', 'Credit Card', 187.11),
(242, 36, 8, 1, '2026-03-20', 'Processing', 'UPI', 18355.3),
(243, 42, 30, 1, '2026-03-21', 'Delivered', 'Credit Card', 1875.87),
(244, 45, 50, 1, '2026-03-21', 'Returned', 'Wallet', 321.38),
(245, 5, 37, 1, '2026-03-22', 'Delivered', 'Wallet', 937.08),
(246, 42, 8, 1, '2026-03-22', 'Cancelled', 'Wallet', 18355.3),
(247, 2, 37, 2, '2026-03-22', 'Cancelled', 'Debit Card', 1874.16),
(248, 59, 48, 1, '2026-03-22', 'Returned', 'Cash on Delivery', 187.11),
(249, 60, 26, 1, '2026-03-22', 'Processing', 'Debit Card', 2479.24),
(250, 15, 39, 2, '2026-03-23', 'Returned', 'UPI', 1063.38),
(251, 23, 8, 3, '2026-03-23', 'Processing', 'Net Banking', 55065.9),
(252, 10, 22, 2, '2026-03-23', 'Delivered', 'Net Banking', 1754.88),
(253, 29, 26, 2, '2026-03-23', 'Delivered', 'Debit Card', 4958.48),
(254, 50, 19, 1, '2026-03-23', 'Processing', 'Net Banking', 383.81),
(255, 10, 43, 1, '2026-03-23', 'Delivered', 'Wallet', 496.4),
(256, 7, 6, 1, '2026-03-24', 'Delivered', 'Cash on Delivery', 10808.19),
(257, 23, 10, 3, '2026-03-24', 'Delivered', 'UPI', 74639.01),
(258, 15, 5, 1, '2026-03-24', 'Processing', 'Wallet', 13379.78),
(259, 45, 32, 1, '2026-03-24', 'Shipped', 'Wallet', 425.36),
(260, 7, 38, 3, '2026-03-24', 'Delivered', 'Net Banking', 3557.31),
(261, 45, 6, 2, '2026-03-24', 'Returned', 'Net Banking', 21616.38),
(262, 42, 25, 1, '2026-03-24', 'Processing', 'Cash on Delivery', 955.09),
(263, 13, 17, 1, '2026-03-25', 'Delivered', 'Debit Card', 3771.93),
(264, 45, 24, 1, '2026-03-25', 'Delivered', 'Credit Card', 1840.82),
(265, 57, 22, 4, '2026-03-25', 'Delivered', 'Wallet', 3509.76),
(266, 7, 12, 2, '2026-03-25', 'Returned', 'UPI', 26262.74),
(267, 49, 24, 3, '2026-03-26', 'Cancelled', 'Wallet', 5522.46),
(268, 45, 33, 2, '2026-03-26', 'Returned', 'Debit Card', 3747.78),
(269, 28, 8, 4, '2026-03-26', 'Delivered', 'UPI', 73421.2),
(270, 23, 50, 2, '2026-03-26', 'Processing', 'Debit Card', 642.76),
(271, 60, 27, 3, '2026-03-26', 'Delivered', 'Credit Card', 1247.85),
(272, 15, 3, 1, '2026-03-26', 'Delivered', 'UPI', 16628.87),
(273, 27, 24, 1, '2026-03-27', 'Cancelled', 'Cash on Delivery', 1840.82),
(274, 45, 25, 1, '2026-03-27', 'Delivered', 'Net Banking', 955.09),
(275, 8, 18, 4, '2026-03-27', 'Cancelled', 'Debit Card', 7042.24),
(276, 22, 24, 1, '2026-03-27', 'Delivered', 'Wallet', 1840.82),
(277, 54, 48, 1, '2026-03-27', 'Delivered', 'Cash on Delivery', 187.11),
(278, 27, 35, 1, '2026-03-28', 'Delivered', 'Debit Card', 967.46),
(279, 24, 16, 1, '2026-03-28', 'Delivered', 'Wallet', 1723.91),
(280, 51, 40, 4, '2026-03-28', 'Processing', 'Cash on Delivery', 13916.24),
(281, 13, 11, 1, '2026-03-28', 'Delivered', 'Cash on Delivery', 9585.14),
(282, 45, 28, 1, '2026-03-29', 'Shipped', 'Cash on Delivery', 1190.42),
(283, 2, 15, 1, '2026-03-29', 'Delivered', 'Net Banking', 3125.47),
(284, 20, 41, 1, '2026-03-29', 'Delivered', 'UPI', 1045.2),
(285, 35, 37, 1, '2026-03-29', 'Processing', 'UPI', 937.08),
(286, 20, 15, 4, '2026-03-29', 'Processing', 'Credit Card', 12501.88),
(287, 45, 18, 1, '2026-03-30', 'Processing', 'Credit Card', 1760.56),
(288, 13, 19, 2, '2026-03-30', 'Shipped', 'UPI', 767.62),
(289, 21, 16, 2, '2026-03-30', 'Returned', 'Wallet', 3447.82),
(290, 42, 33, 1, '2026-03-30', 'Cancelled', 'Cash on Delivery', 1873.89),
(291, 42, 36, 1, '2026-03-30', 'Shipped', 'Credit Card', 1931.3),
(292, 35, 5, 1, '2026-03-30', 'Delivered', 'Net Banking', 13379.78),
(293, 19, 54, 3, '2026-03-30', 'Returned', 'Wallet', 3531.51),
(294, 22, 55, 5, '2026-03-30', 'Delivered', 'Wallet', 5246.7),
(295, 22, 43, 3, '2026-03-30', 'Delivered', 'Credit Card', 1489.2),
(296, 29, 43, 1, '2026-03-31', 'Delivered', 'Wallet', 496.4),
(297, 40, 31, 1, '2026-03-31', 'Processing', 'Wallet', 1701.95),
(298, 2, 12, 2, '2026-03-31', 'Shipped', 'UPI', 26262.74),
(299, 57, 28, 3, '2026-03-31', 'Delivered', 'Net Banking', 3571.26),
(300, 45, 14, 1, '2026-03-31', 'Delivered', 'Credit Card', 2218.96),
(301, 41, 43, 1, '2026-03-31', 'Returned', 'Cash on Delivery', 496.4),
(302, 42, 21, 1, '2026-04-01', 'Cancelled', 'Debit Card', 1050.89),
(303, 35, 36, 2, '2026-04-01', 'Returned', 'Cash on Delivery', 3862.6),
(304, 27, 22, 1, '2026-04-01', 'Processing', 'Net Banking', 877.44),
(305, 39, 11, 1, '2026-04-01', 'Delivered', 'Credit Card', 9585.14),
(306, 29, 42, 1, '2026-04-01', 'Processing', 'Wallet', 6994.26),
(307, 45, 7, 1, '2026-04-02', 'Shipped', 'Credit Card', 23250.27),
(308, 16, 34, 4, '2026-04-02', 'Delivered', 'Wallet', 13921.08),
(309, 24, 26, 4, '2026-04-03', 'Delivered', 'Wallet', 9916.96),
(310, 14, 52, 1, '2026-04-03', 'Delivered', 'Net Banking', 931.56),
(311, 36, 33, 1, '2026-04-03', 'Delivered', 'UPI', 1873.89),
(312, 8, 1, 1, '2026-04-03', 'Shipped', 'UPI', 24457.42),
(313, 40, 13, 1, '2026-04-03', 'Delivered', 'Wallet', 1840.2),
(314, 42, 37, 4, '2026-04-03', 'Delivered', 'UPI', 3748.32),
(315, 9, 43, 3, '2026-04-04', 'Delivered', 'Wallet', 1489.2),
(316, 55, 49, 3, '2026-04-04', 'Processing', 'Wallet', 451.2),
(317, 58, 27, 1, '2026-04-05', 'Delivered', 'Cash on Delivery', 415.95),
(318, 53, 19, 1, '2026-04-05', 'Cancelled', 'Net Banking', 383.81),
(319, 35, 11, 3, '2026-04-05', 'Delivered', 'Net Banking', 28755.42),
(320, 22, 26, 1, '2026-04-06', 'Shipped', 'Cash on Delivery', 2479.24),
(321, 53, 4, 1, '2026-04-06', 'Shipped', 'Wallet', 13924.17),
(322, 35, 16, 4, '2026-04-06', 'Returned', 'Net Banking', 6895.64),
(323, 15, 21, 2, '2026-04-06', 'Delivered', 'UPI', 2101.78),
(324, 27, 50, 3, '2026-04-06', 'Returned', 'Credit Card', 964.14),
(325, 36, 51, 2, '2026-04-07', 'Cancelled', 'Wallet', 3202.98),
(326, 37, 51, 1, '2026-04-07', 'Processing', 'Credit Card', 1601.49),
(327, 23, 43, 1, '2026-04-07', 'Delivered', 'Credit Card', 496.4),
(328, 27, 55, 1, '2026-04-07', 'Processing', 'UPI', 1049.34),
(329, 34, 46, 1, '2026-04-07', 'Delivered', 'UPI', 3604.23),
(330, 10, 36, 2, '2026-04-07', 'Returned', 'UPI', 3862.6),
(331, 21, 8, 1, '2026-04-08', 'Delivered', 'Cash on Delivery', 18355.3),
(332, 60, 48, 1, '2026-04-08', 'Processing', 'Cash on Delivery', 187.11),
(333, 24, 43, 1, '2026-04-08', 'Processing', 'UPI', 496.4),
(334, 60, 31, 1, '2026-04-08', 'Processing', 'Net Banking', 1701.95),
(335, 53, 30, 3, '2026-04-08', 'Shipped', 'Net Banking', 5627.61),
(336, 39, 35, 1, '2026-04-08', 'Delivered', 'UPI', 967.46),
(337, 55, 7, 1, '2026-04-08', 'Delivered', 'Debit Card', 23250.27),
(338, 27, 22, 1, '2026-04-08', 'Delivered', 'UPI', 877.44),
(339, 4, 36, 2, '2026-04-08', 'Shipped', 'UPI', 3862.6),
(340, 40, 4, 3, '2026-04-08', 'Delivered', 'UPI', 41772.51),
(341, 21, 50, 1, '2026-04-08', 'Delivered', 'Debit Card', 321.38),
(342, 40, 5, 1, '2026-04-09', 'Shipped', 'Debit Card', 13379.78),
(343, 4, 30, 1, '2026-04-09', 'Processing', 'Credit Card', 1875.87),
(344, 26, 22, 1, '2026-04-09', 'Delivered', 'UPI', 877.44),
(345, 22, 52, 1, '2026-04-09', 'Delivered', 'Net Banking', 931.56),
(346, 58, 28, 1, '2026-04-09', 'Returned', 'Net Banking', 1190.42),
(347, 53, 8, 1, '2026-04-09', 'Processing', 'Net Banking', 18355.3),
(348, 29, 5, 3, '2026-04-10', 'Delivered', 'Cash on Delivery', 40139.34),
(349, 18, 49, 1, '2026-04-10', 'Delivered', 'Debit Card', 150.4),
(350, 26, 43, 3, '2026-04-10', 'Delivered', 'Credit Card', 1489.2),
(351, 55, 31, 2, '2026-04-10', 'Delivered', 'UPI', 3403.9),
(352, 12, 40, 2, '2026-04-10', 'Processing', 'Debit Card', 6958.12),
(353, 55, 7, 2, '2026-04-10', 'Shipped', 'Wallet', 46500.54),
(354, 36, 41, 1, '2026-04-10', 'Processing', 'Cash on Delivery', 1045.2),
(355, 42, 30, 3, '2026-04-10', 'Returned', 'Net Banking', 5627.61),
(356, 20, 8, 2, '2026-04-10', 'Shipped', 'Credit Card', 36710.6),
(357, 22, 50, 2, '2026-04-10', 'Cancelled', 'Net Banking', 642.76),
(358, 53, 29, 1, '2026-04-11', 'Returned', 'Credit Card', 1144.54),
(359, 42, 7, 5, '2026-04-11', 'Processing', 'Debit Card', 116251.35),
(360, 26, 39, 1, '2026-04-12', 'Delivered', 'Debit Card', 531.69),
(361, 29, 53, 1, '2026-04-12', 'Delivered', 'Debit Card', 1500.43),
(362, 35, 38, 1, '2026-04-12', 'Delivered', 'Net Banking', 1185.77),
(363, 4, 28, 1, '2026-04-12', 'Delivered', 'Debit Card', 1190.42),
(364, 36, 31, 3, '2026-04-12', 'Processing', 'Credit Card', 5105.85),
(365, 53, 10, 4, '2026-04-12', 'Returned', 'Credit Card', 99518.68),
(366, 60, 33, 3, '2026-04-12', 'Delivered', 'Wallet', 5621.67),
(367, 57, 28, 1, '2026-04-12', 'Delivered', 'UPI', 1190.42),
(368, 40, 3, 5, '2026-04-13', 'Cancelled', 'Wallet', 83144.35),
(369, 6, 55, 1, '2026-04-13', 'Cancelled', 'Cash on Delivery', 1049.34),
(370, 27, 44, 1, '2026-04-13', 'Delivered', 'Net Banking', 6513.02),
(371, 54, 30, 2, '2026-04-14', 'Cancelled', 'Wallet', 3751.74),
(372, 58, 28, 3, '2026-04-14', 'Shipped', 'Net Banking', 3571.26),
(373, 20, 24, 1, '2026-04-14', 'Returned', 'Cash on Delivery', 1840.82),
(374, 2, 52, 1, '2026-04-15', 'Returned', 'Cash on Delivery', 931.56),
(375, 33, 27, 2, '2026-04-15', 'Delivered', 'UPI', 831.9),
(376, 8, 50, 1, '2026-04-15', 'Delivered', 'Debit Card', 321.38),
(377, 24, 25, 1, '2026-04-16', 'Delivered', 'Credit Card', 955.09),
(378, 58, 33, 2, '2026-04-16', 'Processing', 'Wallet', 3747.78),
(379, 58, 38, 3, '2026-04-16', 'Delivered', 'Wallet', 3557.31),
(380, 26, 18, 1, '2026-04-16', 'Delivered', 'Credit Card', 1760.56),
(381, 10, 50, 1, '2026-04-17', 'Delivered', 'Credit Card', 321.38),
(382, 7, 52, 3, '2026-04-17', 'Delivered', 'Cash on Delivery', 2794.68),
(383, 20, 51, 2, '2026-04-17', 'Shipped', 'Credit Card', 3202.98),
(384, 45, 52, 4, '2026-04-17', 'Delivered', 'Credit Card', 3726.24),
(385, 49, 12, 1, '2026-04-17', 'Delivered', 'Wallet', 13131.37),
(386, 29, 36, 1, '2026-04-17', 'Processing', 'Wallet', 1931.3),
(387, 18, 54, 1, '2026-04-18', 'Shipped', 'Credit Card', 1177.17),
(388, 18, 38, 1, '2026-04-18', 'Delivered', 'Credit Card', 1185.77),
(389, 17, 50, 1, '2026-04-19', 'Delivered', 'Credit Card', 321.38),
(390, 21, 40, 3, '2026-04-19', 'Cancelled', 'UPI', 10437.18),
(391, 42, 43, 3, '2026-04-19', 'Delivered', 'Credit Card', 1489.2),
(392, 60, 9, 1, '2026-04-20', 'Delivered', 'UPI', 17937.54),
(393, 36, 37, 1, '2026-04-20', 'Delivered', 'Net Banking', 937.08),
(394, 22, 39, 2, '2026-04-20', 'Delivered', 'Wallet', 1063.38),
(395, 45, 4, 1, '2026-04-20', 'Delivered', 'Net Banking', 13924.17),
(396, 4, 26, 1, '2026-04-20', 'Delivered', 'Net Banking', 2479.24),
(397, 17, 9, 3, '2026-04-20', 'Delivered', 'UPI', 53812.62),
(398, 50, 46, 1, '2026-04-21', 'Returned', 'Wallet', 3604.23),
(399, 39, 35, 2, '2026-04-21', 'Delivered', 'Debit Card', 1934.92),
(400, 57, 4, 4, '2026-04-21', 'Cancelled', 'Net Banking', 55696.68);

INSERT INTO orders (order_id, customer_id, product_id, quantity, order_date, order_status, payment_method, total_amount) VALUES
(401, 60, 50, 2, '2026-04-21', 'Delivered', 'Cash on Delivery', 642.76),
(402, 50, 14, 1, '2026-04-21', 'Delivered', 'Debit Card', 2218.96),
(403, 37, 21, 3, '2026-04-22', 'Delivered', 'Net Banking', 3152.67),
(404, 53, 12, 1, '2026-04-22', 'Delivered', 'Cash on Delivery', 13131.37),
(405, 39, 50, 1, '2026-04-22', 'Delivered', 'Cash on Delivery', 321.38),
(406, 18, 54, 3, '2026-04-22', 'Returned', 'UPI', 3531.51),
(407, 23, 53, 2, '2026-04-22', 'Returned', 'Wallet', 3000.86),
(408, 9, 25, 5, '2026-04-22', 'Delivered', 'Wallet', 4775.45),
(409, 18, 36, 1, '2026-04-22', 'Delivered', 'Net Banking', 1931.3),
(410, 35, 39, 5, '2026-04-22', 'Delivered', 'Wallet', 2658.45),
(411, 19, 13, 2, '2026-04-22', 'Shipped', 'Debit Card', 3680.4),
(412, 7, 13, 2, '2026-04-23', 'Processing', 'Net Banking', 3680.4),
(413, 37, 46, 4, '2026-04-23', 'Delivered', 'Net Banking', 14416.92),
(414, 7, 37, 4, '2026-04-23', 'Cancelled', 'Credit Card', 3748.32),
(415, 34, 1, 2, '2026-04-23', 'Processing', 'Wallet', 48914.84),
(416, 60, 16, 1, '2026-04-23', 'Delivered', 'Credit Card', 1723.91),
(417, 17, 36, 5, '2026-04-24', 'Processing', 'Credit Card', 9656.5),
(418, 10, 5, 1, '2026-04-24', 'Delivered', 'Wallet', 13379.78),
(419, 35, 9, 3, '2026-04-24', 'Delivered', 'Wallet', 53812.62),
(420, 4, 48, 1, '2026-04-24', 'Processing', 'Net Banking', 187.11),
(421, 7, 4, 1, '2026-04-25', 'Shipped', 'UPI', 13924.17),
(422, 26, 40, 1, '2026-04-25', 'Delivered', 'Cash on Delivery', 3479.06),
(423, 22, 24, 1, '2026-04-25', 'Delivered', 'Cash on Delivery', 1840.82),
(424, 45, 50, 2, '2026-04-25', 'Shipped', 'Debit Card', 642.76),
(425, 20, 19, 1, '2026-04-26', 'Processing', 'UPI', 383.81),
(426, 17, 44, 3, '2026-04-26', 'Cancelled', 'Wallet', 19539.06),
(427, 13, 16, 1, '2026-04-26', 'Delivered', 'Debit Card', 1723.91),
(428, 26, 44, 2, '2026-04-26', 'Shipped', 'Wallet', 13026.04),
(429, 26, 36, 3, '2026-04-26', 'Returned', 'Cash on Delivery', 5793.9),
(430, 10, 6, 1, '2026-04-26', 'Shipped', 'Wallet', 10808.19),
(431, 54, 17, 2, '2026-04-27', 'Shipped', 'Cash on Delivery', 7543.86),
(432, 58, 45, 2, '2026-04-27', 'Delivered', 'Debit Card', 3918.2),
(433, 21, 53, 2, '2026-04-27', 'Shipped', 'Credit Card', 3000.86),
(434, 28, 13, 1, '2026-04-27', 'Cancelled', 'Net Banking', 1840.2),
(435, 55, 31, 2, '2026-04-28', 'Processing', 'Net Banking', 3403.9),
(436, 7, 50, 3, '2026-04-28', 'Delivered', 'Net Banking', 964.14),
(437, 4, 50, 1, '2026-04-28', 'Delivered', 'UPI', 321.38),
(438, 26, 33, 1, '2026-04-28', 'Cancelled', 'Net Banking', 1873.89),
(439, 8, 36, 1, '2026-04-28', 'Cancelled', 'UPI', 1931.3),
(440, 27, 34, 2, '2026-04-29', 'Returned', 'Net Banking', 6960.54),
(441, 15, 15, 1, '2026-04-29', 'Processing', 'Debit Card', 3125.47),
(442, 54, 38, 1, '2026-04-29', 'Processing', 'Cash on Delivery', 1185.77),
(443, 15, 7, 3, '2026-04-29', 'Delivered', 'Wallet', 69750.81),
(444, 15, 7, 1, '2026-04-29', 'Shipped', 'Wallet', 23250.27),
(445, 10, 41, 3, '2026-04-29', 'Returned', 'Debit Card', 3135.6),
(446, 60, 52, 1, '2026-04-30', 'Shipped', 'Debit Card', 931.56),
(447, 12, 48, 1, '2026-04-30', 'Delivered', 'UPI', 187.11),
(448, 22, 33, 2, '2026-04-30', 'Delivered', 'Wallet', 3747.78),
(449, 60, 51, 1, '2026-05-01', 'Delivered', 'Debit Card', 1601.49),
(450, 53, 27, 3, '2026-05-01', 'Processing', 'Credit Card', 1247.85),
(451, 7, 44, 1, '2026-05-01', 'Shipped', 'Credit Card', 6513.02),
(452, 48, 18, 2, '2026-05-01', 'Delivered', 'UPI', 3521.12),
(453, 27, 39, 3, '2026-05-01', 'Delivered', 'Net Banking', 1595.07),
(454, 27, 16, 2, '2026-05-02', 'Shipped', 'UPI', 3447.82),
(455, 45, 12, 1, '2026-05-02', 'Returned', 'Net Banking', 13131.37),
(456, 60, 9, 2, '2026-05-02', 'Returned', 'Wallet', 35875.08),
(457, 53, 19, 1, '2026-05-02', 'Shipped', 'Debit Card', 383.81),
(458, 24, 35, 1, '2026-05-02', 'Processing', 'Debit Card', 967.46),
(459, 40, 11, 1, '2026-05-02', 'Delivered', 'Credit Card', 9585.14),
(460, 14, 44, 1, '2026-05-03', 'Delivered', 'Credit Card', 6513.02),
(461, 53, 5, 1, '2026-05-03', 'Cancelled', 'Net Banking', 13379.78),
(462, 59, 7, 5, '2026-05-03', 'Delivered', 'Wallet', 116251.35),
(463, 4, 26, 1, '2026-05-03', 'Delivered', 'Credit Card', 2479.24),
(464, 2, 51, 4, '2026-05-03', 'Shipped', 'UPI', 6405.96),
(465, 55, 44, 1, '2026-05-04', 'Shipped', 'Credit Card', 6513.02),
(466, 51, 48, 1, '2026-05-04', 'Returned', 'Cash on Delivery', 187.11),
(467, 6, 5, 1, '2026-05-04', 'Returned', 'Credit Card', 13379.78),
(468, 48, 31, 1, '2026-05-04', 'Delivered', 'Wallet', 1701.95),
(469, 58, 37, 4, '2026-05-04', 'Processing', 'UPI', 3748.32),
(470, 19, 45, 2, '2026-05-04', 'Returned', 'Net Banking', 3918.2),
(471, 42, 50, 3, '2026-05-04', 'Delivered', 'Debit Card', 964.14),
(472, 40, 31, 4, '2026-05-04', 'Delivered', 'UPI', 6807.8),
(473, 10, 16, 3, '2026-05-05', 'Delivered', 'UPI', 5171.73),
(474, 26, 9, 2, '2026-05-05', 'Delivered', 'Wallet', 35875.08),
(475, 4, 15, 3, '2026-05-05', 'Shipped', 'Credit Card', 9376.41),
(476, 32, 21, 3, '2026-05-05', 'Returned', 'Cash on Delivery', 3152.67),
(477, 6, 19, 1, '2026-05-05', 'Delivered', 'Cash on Delivery', 383.81),
(478, 48, 33, 3, '2026-05-06', 'Returned', 'Cash on Delivery', 5621.67),
(479, 45, 19, 1, '2026-05-06', 'Processing', 'Wallet', 383.81),
(480, 4, 43, 1, '2026-05-06', 'Delivered', 'UPI', 496.4),
(481, 60, 16, 4, '2026-05-06', 'Delivered', 'UPI', 6895.64),
(482, 41, 38, 1, '2026-05-06', 'Returned', 'Net Banking', 1185.77),
(483, 60, 17, 2, '2026-05-06', 'Delivered', 'Debit Card', 7543.86),
(484, 23, 27, 1, '2026-05-06', 'Processing', 'Cash on Delivery', 415.95),
(485, 42, 24, 3, '2026-05-06', 'Delivered', 'UPI', 5522.46),
(486, 19, 4, 2, '2026-05-06', 'Delivered', 'UPI', 27848.34),
(487, 53, 55, 1, '2026-05-06', 'Processing', 'Credit Card', 1049.34),
(488, 29, 26, 1, '2026-05-06', 'Delivered', 'Cash on Delivery', 2479.24),
(489, 27, 36, 1, '2026-05-06', 'Delivered', 'Net Banking', 1931.3),
(490, 35, 38, 1, '2026-05-07', 'Processing', 'Credit Card', 1185.77),
(491, 42, 48, 1, '2026-05-07', 'Shipped', 'Wallet', 187.11),
(492, 52, 24, 4, '2026-05-07', 'Processing', 'Cash on Delivery', 7363.28),
(493, 35, 10, 1, '2026-05-07', 'Delivered', 'Cash on Delivery', 24879.67),
(494, 26, 18, 2, '2026-05-07', 'Cancelled', 'Wallet', 3521.12),
(495, 56, 30, 1, '2026-05-07', 'Delivered', 'UPI', 1875.87),
(496, 7, 2, 1, '2026-05-07', 'Shipped', 'Net Banking', 19238.53),
(497, 27, 28, 1, '2026-05-08', 'Delivered', 'Wallet', 1190.42),
(498, 28, 33, 1, '2026-05-08', 'Returned', 'Debit Card', 1873.89),
(499, 45, 15, 1, '2026-05-08', 'Shipped', 'Debit Card', 3125.47),
(500, 42, 39, 4, '2026-05-09', 'Returned', 'Net Banking', 2126.76),
(501, 42, 27, 1, '2026-05-09', 'Shipped', 'Wallet', 415.95),
(502, 10, 54, 2, '2026-05-09', 'Processing', 'UPI', 2354.34),
(503, 35, 28, 4, '2026-05-09', 'Processing', 'Net Banking', 4761.68),
(504, 54, 24, 1, '2026-05-09', 'Processing', 'UPI', 1840.82),
(505, 36, 39, 1, '2026-05-09', 'Delivered', 'Debit Card', 531.69),
(506, 18, 28, 1, '2026-05-09', 'Delivered', 'UPI', 1190.42),
(507, 35, 29, 4, '2026-05-10', 'Returned', 'Debit Card', 4578.16),
(508, 19, 39, 1, '2026-05-10', 'Returned', 'Debit Card', 531.69),
(509, 32, 9, 1, '2026-05-10', 'Cancelled', 'Credit Card', 17937.54),
(510, 16, 34, 1, '2026-05-11', 'Returned', 'UPI', 3480.27),
(511, 56, 47, 1, '2026-05-11', 'Delivered', 'Wallet', 711.02),
(512, 53, 29, 5, '2026-05-11', 'Shipped', 'Net Banking', 5722.7),
(513, 20, 7, 3, '2026-05-12', 'Delivered', 'Wallet', 69750.81),
(514, 7, 50, 1, '2026-05-12', 'Processing', 'Wallet', 321.38),
(515, 15, 43, 2, '2026-05-12', 'Delivered', 'Net Banking', 992.8),
(516, 4, 39, 1, '2026-05-12', 'Delivered', 'Wallet', 531.69),
(517, 21, 33, 4, '2026-05-12', 'Delivered', 'Credit Card', 7495.56),
(518, 40, 50, 1, '2026-05-12', 'Shipped', 'Wallet', 321.38),
(519, 45, 8, 2, '2026-05-12', 'Delivered', 'UPI', 36710.6),
(520, 9, 35, 1, '2026-05-12', 'Delivered', 'Cash on Delivery', 967.46),
(521, 45, 20, 1, '2026-05-12', 'Delivered', 'Credit Card', 490.31),
(522, 53, 27, 1, '2026-05-13', 'Processing', 'Cash on Delivery', 415.95),
(523, 15, 42, 3, '2026-05-13', 'Delivered', 'Credit Card', 20982.78),
(524, 2, 29, 1, '2026-05-13', 'Shipped', 'Credit Card', 1144.54),
(525, 11, 9, 4, '2026-05-13', 'Cancelled', 'Cash on Delivery', 71750.16),
(526, 2, 48, 4, '2026-05-13', 'Shipped', 'Credit Card', 748.44),
(527, 45, 24, 1, '2026-05-13', 'Delivered', 'Credit Card', 1840.82),
(528, 19, 26, 1, '2026-05-14', 'Delivered', 'Debit Card', 2479.24),
(529, 20, 4, 1, '2026-05-14', 'Cancelled', 'Wallet', 13924.17),
(530, 35, 32, 3, '2026-05-14', 'Returned', 'UPI', 1276.08),
(531, 51, 37, 1, '2026-05-14', 'Returned', 'Cash on Delivery', 937.08),
(532, 50, 34, 3, '2026-05-14', 'Returned', 'Wallet', 10440.81),
(533, 24, 8, 1, '2026-05-14', 'Cancelled', 'Credit Card', 18355.3),
(534, 27, 2, 3, '2026-05-14', 'Delivered', 'Net Banking', 57715.59),
(535, 14, 4, 2, '2026-05-15', 'Delivered', 'Wallet', 27848.34),
(536, 42, 46, 2, '2026-05-15', 'Delivered', 'Wallet', 7208.46),
(537, 58, 27, 2, '2026-05-15', 'Processing', 'Net Banking', 831.9),
(538, 43, 12, 2, '2026-05-15', 'Shipped', 'Net Banking', 26262.74),
(539, 41, 2, 3, '2026-05-15', 'Delivered', 'Wallet', 57715.59),
(540, 26, 50, 2, '2026-05-15', 'Delivered', 'Net Banking', 642.76),
(541, 26, 6, 1, '2026-05-15', 'Processing', 'UPI', 10808.19),
(542, 43, 27, 2, '2026-05-15', 'Delivered', 'Net Banking', 831.9),
(543, 46, 44, 2, '2026-05-15', 'Processing', 'Credit Card', 13026.04),
(544, 35, 47, 2, '2026-05-15', 'Shipped', 'UPI', 1422.04),
(545, 10, 31, 5, '2026-05-16', 'Shipped', 'Credit Card', 8509.75),
(546, 26, 8, 4, '2026-05-16', 'Returned', 'UPI', 73421.2),
(547, 24, 43, 2, '2026-05-16', 'Processing', 'Net Banking', 992.8),
(548, 1, 32, 1, '2026-05-16', 'Shipped', 'Cash on Delivery', 425.36),
(549, 24, 2, 1, '2026-05-16', 'Delivered', 'UPI', 19238.53),
(550, 18, 33, 1, '2026-05-16', 'Returned', 'Cash on Delivery', 1873.89),
(551, 48, 18, 1, '2026-05-16', 'Delivered', 'Wallet', 1760.56),
(552, 47, 36, 1, '2026-05-16', 'Delivered', 'Net Banking', 1931.3),
(553, 46, 37, 1, '2026-05-17', 'Cancelled', 'Debit Card', 937.08),
(554, 54, 24, 2, '2026-05-17', 'Delivered', 'Debit Card', 3681.64),
(555, 35, 38, 1, '2026-05-17', 'Shipped', 'Net Banking', 1185.77),
(556, 46, 23, 1, '2026-05-17', 'Processing', 'Cash on Delivery', 2252.05),
(557, 40, 24, 5, '2026-05-18', 'Processing', 'UPI', 9204.1),
(558, 24, 44, 1, '2026-05-18', 'Delivered', 'Net Banking', 6513.02),
(559, 46, 51, 3, '2026-05-18', 'Delivered', 'Cash on Delivery', 4804.47),
(560, 20, 28, 1, '2026-05-18', 'Shipped', 'Cash on Delivery', 1190.42),
(561, 32, 12, 3, '2026-05-18', 'Processing', 'Net Banking', 39394.11),
(562, 43, 41, 3, '2026-05-18', 'Delivered', 'UPI', 3135.6),
(563, 7, 50, 2, '2026-05-18', 'Delivered', 'UPI', 642.76),
(564, 26, 53, 5, '2026-05-18', 'Delivered', 'UPI', 7502.15),
(565, 26, 26, 1, '2026-05-18', 'Delivered', 'Net Banking', 2479.24),
(566, 46, 48, 1, '2026-05-18', 'Delivered', 'Cash on Delivery', 187.11),
(567, 52, 8, 1, '2026-05-19', 'Delivered', 'UPI', 18355.3),
(568, 21, 44, 2, '2026-05-19', 'Delivered', 'Wallet', 13026.04),
(569, 7, 9, 1, '2026-05-19', 'Delivered', 'Net Banking', 17937.54),
(570, 46, 17, 1, '2026-05-19', 'Delivered', 'Debit Card', 3771.93),
(571, 56, 32, 1, '2026-05-19', 'Delivered', 'Cash on Delivery', 425.36),
(572, 34, 26, 3, '2026-05-19', 'Processing', 'Net Banking', 7437.72),
(573, 26, 36, 3, '2026-05-19', 'Delivered', 'Cash on Delivery', 5793.9),
(574, 35, 12, 1, '2026-05-19', 'Delivered', 'Credit Card', 13131.37),
(575, 6, 50, 4, '2026-05-20', 'Delivered', 'Debit Card', 1285.52),
(576, 50, 36, 1, '2026-05-20', 'Delivered', 'Cash on Delivery', 1931.3),
(577, 28, 28, 1, '2026-05-20', 'Cancelled', 'Net Banking', 1190.42),
(578, 13, 44, 1, '2026-05-20', 'Returned', 'Credit Card', 6513.02),
(579, 32, 44, 1, '2026-05-20', 'Cancelled', 'UPI', 6513.02),
(580, 52, 8, 2, '2026-05-20', 'Delivered', 'Wallet', 36710.6),
(581, 35, 20, 5, '2026-05-21', 'Processing', 'Debit Card', 2451.55),
(582, 48, 53, 1, '2026-05-21', 'Processing', 'Debit Card', 1500.43),
(583, 21, 23, 1, '2026-05-21', 'Shipped', 'Cash on Delivery', 2252.05),
(584, 30, 7, 1, '2026-05-21', 'Delivered', 'Debit Card', 23250.27),
(585, 42, 24, 1, '2026-05-21', 'Shipped', 'Net Banking', 1840.82),
(586, 2, 39, 4, '2026-05-21', 'Shipped', 'Wallet', 2126.76),
(587, 43, 5, 1, '2026-05-21', 'Delivered', 'UPI', 13379.78),
(588, 46, 48, 2, '2026-05-22', 'Delivered', 'Debit Card', 374.22),
(589, 48, 31, 1, '2026-05-22', 'Shipped', 'Debit Card', 1701.95),
(590, 43, 15, 1, '2026-05-22', 'Delivered', 'Debit Card', 3125.47),
(591, 34, 15, 5, '2026-05-22', 'Shipped', 'Wallet', 15627.35),
(592, 49, 54, 1, '2026-05-22', 'Delivered', 'Net Banking', 1177.17),
(593, 60, 44, 1, '2026-05-22', 'Delivered', 'Cash on Delivery', 6513.02),
(594, 46, 43, 1, '2026-05-22', 'Delivered', 'Net Banking', 496.4),
(595, 30, 51, 2, '2026-05-22', 'Cancelled', 'UPI', 3202.98),
(596, 24, 33, 1, '2026-05-22', 'Delivered', 'Cash on Delivery', 1873.89),
(597, 29, 30, 1, '2026-05-22', 'Delivered', 'Credit Card', 1875.87),
(598, 32, 24, 1, '2026-05-23', 'Delivered', 'Wallet', 1840.82),
(599, 10, 11, 1, '2026-05-23', 'Cancelled', 'UPI', 9585.14),
(600, 27, 25, 3, '2026-05-23', 'Delivered', 'Debit Card', 2865.27);

INSERT INTO orders (order_id, customer_id, product_id, quantity, order_date, order_status, payment_method, total_amount) VALUES
(601, 26, 24, 1, '2026-05-23', 'Returned', 'Cash on Delivery', 1840.82),
(602, 15, 36, 2, '2026-05-23', 'Delivered', 'Cash on Delivery', 3862.6),
(603, 30, 23, 2, '2026-05-23', 'Returned', 'Cash on Delivery', 4504.1),
(604, 18, 35, 1, '2026-05-23', 'Delivered', 'Credit Card', 967.46),
(605, 28, 44, 2, '2026-05-24', 'Processing', 'Net Banking', 13026.04),
(606, 42, 28, 2, '2026-05-24', 'Processing', 'Cash on Delivery', 2380.84),
(607, 2, 24, 3, '2026-05-24', 'Delivered', 'Cash on Delivery', 5522.46),
(608, 60, 53, 3, '2026-05-24', 'Shipped', 'Debit Card', 4501.29),
(609, 48, 8, 1, '2026-05-25', 'Delivered', 'Net Banking', 18355.3),
(610, 7, 42, 3, '2026-05-25', 'Delivered', 'Cash on Delivery', 20982.78),
(611, 58, 36, 1, '2026-05-25', 'Returned', 'Wallet', 1931.3),
(612, 42, 40, 2, '2026-05-25', 'Delivered', 'UPI', 6958.12),
(613, 18, 21, 1, '2026-05-25', 'Returned', 'Debit Card', 1050.89),
(614, 7, 8, 1, '2026-05-25', 'Delivered', 'Wallet', 18355.3),
(615, 37, 36, 2, '2026-05-25', 'Cancelled', 'Cash on Delivery', 3862.6),
(616, 46, 51, 1, '2026-05-26', 'Delivered', 'Cash on Delivery', 1601.49),
(617, 4, 30, 1, '2026-05-26', 'Delivered', 'UPI', 1875.87),
(618, 30, 36, 1, '2026-05-26', 'Cancelled', 'Net Banking', 1931.3),
(619, 56, 8, 3, '2026-05-26', 'Cancelled', 'Debit Card', 55065.9),
(620, 28, 22, 1, '2026-05-26', 'Delivered', 'Debit Card', 877.44),
(621, 10, 45, 1, '2026-05-26', 'Delivered', 'Net Banking', 1959.1),
(622, 46, 31, 2, '2026-05-26', 'Delivered', 'Credit Card', 3403.9),
(623, 22, 8, 1, '2026-05-26', 'Shipped', 'Debit Card', 18355.3),
(624, 49, 12, 1, '2026-05-26', 'Delivered', 'Cash on Delivery', 13131.37),
(625, 20, 18, 2, '2026-05-26', 'Delivered', 'Wallet', 3521.12),
(626, 26, 36, 1, '2026-05-27', 'Returned', 'Net Banking', 1931.3),
(627, 7, 53, 3, '2026-05-27', 'Delivered', 'Wallet', 4501.29),
(628, 45, 10, 1, '2026-05-27', 'Delivered', 'Cash on Delivery', 24879.67),
(629, 45, 42, 1, '2026-05-27', 'Delivered', 'Wallet', 6994.26),
(630, 25, 28, 2, '2026-05-27', 'Delivered', 'Debit Card', 2380.84),
(631, 18, 12, 2, '2026-05-27', 'Delivered', 'Wallet', 26262.74),
(632, 26, 53, 1, '2026-05-27', 'Returned', 'Net Banking', 1500.43),
(633, 9, 5, 1, '2026-05-28', 'Delivered', 'Credit Card', 13379.78),
(634, 46, 36, 3, '2026-05-28', 'Shipped', 'Cash on Delivery', 5793.9),
(635, 2, 51, 3, '2026-05-28', 'Cancelled', 'Cash on Delivery', 4804.47),
(636, 43, 51, 3, '2026-05-28', 'Delivered', 'Wallet', 4804.47),
(637, 31, 17, 3, '2026-05-28', 'Processing', 'Cash on Delivery', 11315.79),
(638, 48, 51, 2, '2026-05-28', 'Delivered', 'Cash on Delivery', 3202.98),
(639, 10, 23, 2, '2026-05-28', 'Cancelled', 'Net Banking', 4504.1),
(640, 18, 5, 1, '2026-05-28', 'Cancelled', 'Cash on Delivery', 13379.78),
(641, 20, 11, 1, '2026-05-28', 'Delivered', 'UPI', 9585.14),
(642, 18, 5, 2, '2026-05-28', 'Shipped', 'Debit Card', 26759.56),
(643, 55, 20, 3, '2026-05-28', 'Cancelled', 'UPI', 1470.93),
(644, 6, 43, 1, '2026-05-28', 'Delivered', 'UPI', 496.4),
(645, 46, 35, 3, '2026-05-29', 'Cancelled', 'Net Banking', 2902.38),
(646, 43, 39, 1, '2026-05-29', 'Shipped', 'Wallet', 531.69),
(647, 46, 13, 3, '2026-05-29', 'Delivered', 'Cash on Delivery', 5520.6),
(648, 40, 18, 1, '2026-05-29', 'Processing', 'Wallet', 1760.56),
(649, 26, 36, 1, '2026-05-29', 'Delivered', 'Debit Card', 1931.3),
(650, 34, 30, 1, '2026-05-29', 'Delivered', 'Credit Card', 1875.87),
(651, 47, 24, 4, '2026-05-29', 'Returned', 'Debit Card', 7363.28),
(652, 53, 27, 2, '2026-05-29', 'Delivered', 'Cash on Delivery', 831.9),
(653, 26, 36, 2, '2026-05-29', 'Delivered', 'Net Banking', 3862.6),
(654, 4, 43, 1, '2026-05-29', 'Delivered', 'Credit Card', 496.4),
(655, 41, 51, 1, '2026-05-30', 'Cancelled', 'Wallet', 1601.49),
(656, 11, 8, 2, '2026-05-30', 'Processing', 'Net Banking', 36710.6),
(657, 24, 38, 5, '2026-05-30', 'Shipped', 'Wallet', 5928.85),
(658, 4, 36, 4, '2026-05-30', 'Returned', 'UPI', 7725.2),
(659, 35, 22, 1, '2026-05-30', 'Cancelled', 'UPI', 877.44),
(660, 28, 36, 1, '2026-05-30', 'Delivered', 'Cash on Delivery', 1931.3),
(661, 58, 39, 2, '2026-05-31', 'Delivered', 'Net Banking', 1063.38),
(662, 7, 37, 1, '2026-05-31', 'Cancelled', 'Credit Card', 937.08),
(663, 26, 43, 3, '2026-05-31', 'Processing', 'Net Banking', 1489.2),
(664, 56, 18, 4, '2026-05-31', 'Delivered', 'Wallet', 7042.24),
(665, 48, 51, 1, '2026-05-31', 'Delivered', 'Cash on Delivery', 1601.49),
(666, 7, 13, 1, '2026-05-31', 'Cancelled', 'Debit Card', 1840.2),
(667, 43, 40, 2, '2026-05-31', 'Shipped', 'Debit Card', 6958.12),
(668, 46, 29, 2, '2026-05-31', 'Delivered', 'Debit Card', 2289.08),
(669, 53, 44, 4, '2026-05-31', 'Returned', 'Net Banking', 26052.08),
(670, 48, 28, 1, '2026-06-01', 'Delivered', 'Credit Card', 1190.42),
(671, 36, 44, 2, '2026-06-01', 'Delivered', 'Wallet', 13026.04),
(672, 46, 18, 1, '2026-06-01', 'Delivered', 'Cash on Delivery', 1760.56),
(673, 50, 14, 2, '2026-06-02', 'Delivered', 'Net Banking', 4437.92),
(674, 18, 43, 2, '2026-06-02', 'Delivered', 'UPI', 992.8),
(675, 45, 15, 2, '2026-06-03', 'Shipped', 'UPI', 6250.94),
(676, 26, 38, 1, '2026-06-03', 'Shipped', 'Wallet', 1185.77),
(677, 25, 31, 1, '2026-06-03', 'Processing', 'Cash on Delivery', 1701.95),
(678, 27, 13, 1, '2026-06-03', 'Delivered', 'Debit Card', 1840.2),
(679, 46, 22, 2, '2026-06-03', 'Delivered', 'Credit Card', 1754.88),
(680, 2, 51, 2, '2026-06-03', 'Delivered', 'Credit Card', 3202.98),
(681, 32, 14, 1, '2026-06-03', 'Cancelled', 'Wallet', 2218.96),
(682, 47, 19, 1, '2026-06-03', 'Returned', 'UPI', 383.81),
(683, 26, 35, 3, '2026-06-03', 'Delivered', 'Cash on Delivery', 2902.38),
(684, 4, 50, 1, '2026-06-03', 'Delivered', 'UPI', 321.38),
(685, 60, 31, 1, '2026-06-04', 'Cancelled', 'UPI', 1701.95),
(686, 33, 53, 3, '2026-06-04', 'Delivered', 'Debit Card', 4501.29),
(687, 47, 50, 1, '2026-06-04', 'Cancelled', 'Cash on Delivery', 321.38),
(688, 35, 22, 1, '2026-06-04', 'Cancelled', 'Cash on Delivery', 877.44),
(689, 53, 13, 2, '2026-06-04', 'Delivered', 'Wallet', 3680.4),
(690, 36, 25, 1, '2026-06-04', 'Processing', 'Net Banking', 955.09),
(691, 42, 28, 2, '2026-06-04', 'Returned', 'Wallet', 2380.84),
(692, 55, 54, 3, '2026-06-04', 'Processing', 'Net Banking', 3531.51),
(693, 17, 19, 2, '2026-06-05', 'Processing', 'Credit Card', 767.62),
(694, 59, 28, 1, '2026-06-05', 'Processing', 'Net Banking', 1190.42),
(695, 42, 37, 1, '2026-06-05', 'Delivered', 'Net Banking', 937.08),
(696, 47, 32, 1, '2026-06-05', 'Delivered', 'Credit Card', 425.36),
(697, 2, 7, 3, '2026-06-05', 'Delivered', 'Cash on Delivery', 69750.81),
(698, 46, 14, 1, '2026-06-05', 'Delivered', 'UPI', 2218.96),
(699, 53, 25, 3, '2026-06-05', 'Cancelled', 'Wallet', 2865.27),
(700, 55, 7, 3, '2026-06-06', 'Delivered', 'Cash on Delivery', 69750.81),
(701, 52, 7, 5, '2026-06-06', 'Delivered', 'Wallet', 116251.35),
(702, 46, 38, 1, '2026-06-06', 'Cancelled', 'Cash on Delivery', 1185.77),
(703, 46, 44, 3, '2026-06-06', 'Cancelled', 'Debit Card', 19539.06),
(704, 45, 13, 2, '2026-06-06', 'Returned', 'Wallet', 3680.4),
(705, 50, 39, 1, '2026-06-06', 'Delivered', 'Debit Card', 531.69),
(706, 33, 29, 2, '2026-06-06', 'Shipped', 'Debit Card', 2289.08),
(707, 8, 11, 3, '2026-06-06', 'Shipped', 'Cash on Delivery', 28755.42),
(708, 51, 46, 1, '2026-06-07', 'Delivered', 'Net Banking', 3604.23),
(709, 9, 51, 1, '2026-06-07', 'Delivered', 'Credit Card', 1601.49),
(710, 4, 5, 4, '2026-06-07', 'Delivered', 'Credit Card', 53519.12),
(711, 14, 38, 3, '2026-06-07', 'Delivered', 'Wallet', 3557.31),
(712, 46, 42, 1, '2026-06-07', 'Returned', 'Credit Card', 6994.26),
(713, 42, 26, 4, '2026-06-07', 'Delivered', 'UPI', 9916.96),
(714, 32, 44, 3, '2026-06-07', 'Delivered', 'Credit Card', 19539.06),
(715, 26, 6, 5, '2026-06-08', 'Processing', 'Credit Card', 54040.95),
(716, 7, 22, 1, '2026-06-08', 'Delivered', 'UPI', 877.44),
(717, 20, 50, 1, '2026-06-08', 'Delivered', 'Wallet', 321.38),
(718, 29, 48, 2, '2026-06-08', 'Delivered', 'Net Banking', 374.22),
(719, 53, 30, 2, '2026-06-08', 'Delivered', 'Net Banking', 3751.74),
(720, 54, 39, 2, '2026-06-08', 'Delivered', 'Wallet', 1063.38),
(721, 42, 31, 2, '2026-06-08', 'Delivered', 'Wallet', 3403.9),
(722, 13, 28, 1, '2026-06-09', 'Delivered', 'Net Banking', 1190.42),
(723, 9, 14, 2, '2026-06-09', 'Returned', 'UPI', 4437.92),
(724, 48, 15, 1, '2026-06-09', 'Delivered', 'Net Banking', 3125.47),
(725, 18, 31, 1, '2026-06-09', 'Delivered', 'Credit Card', 1701.95),
(726, 30, 12, 2, '2026-06-09', 'Processing', 'Net Banking', 26262.74),
(727, 55, 2, 1, '2026-06-09', 'Shipped', 'Debit Card', 19238.53),
(728, 43, 39, 1, '2026-06-10', 'Processing', 'Cash on Delivery', 531.69),
(729, 46, 23, 3, '2026-06-10', 'Shipped', 'UPI', 6756.15),
(730, 18, 25, 2, '2026-06-10', 'Delivered', 'Cash on Delivery', 1910.18),
(731, 53, 43, 1, '2026-06-10', 'Returned', 'UPI', 496.4),
(732, 12, 19, 1, '2026-06-10', 'Shipped', 'Net Banking', 383.81),
(733, 26, 43, 2, '2026-06-11', 'Delivered', 'Debit Card', 992.8),
(734, 47, 36, 2, '2026-06-11', 'Delivered', 'Net Banking', 3862.6),
(735, 46, 44, 1, '2026-06-11', 'Cancelled', 'Net Banking', 6513.02),
(736, 48, 6, 3, '2026-06-11', 'Delivered', 'Wallet', 32424.57),
(737, 4, 44, 2, '2026-06-11', 'Delivered', 'Debit Card', 13026.04),
(738, 25, 54, 2, '2026-06-11', 'Shipped', 'Wallet', 2354.34),
(739, 12, 13, 1, '2026-06-11', 'Delivered', 'Net Banking', 1840.2),
(740, 42, 18, 1, '2026-06-11', 'Delivered', 'Wallet', 1760.56),
(741, 46, 49, 1, '2026-06-12', 'Processing', 'UPI', 150.4),
(742, 30, 5, 1, '2026-06-12', 'Shipped', 'Net Banking', 13379.78),
(743, 7, 53, 2, '2026-06-12', 'Processing', 'UPI', 3000.86),
(744, 51, 24, 1, '2026-06-13', 'Cancelled', 'Net Banking', 1840.82),
(745, 7, 54, 3, '2026-06-13', 'Delivered', 'Net Banking', 3531.51),
(746, 4, 26, 1, '2026-06-13', 'Delivered', 'Net Banking', 2479.24),
(747, 17, 43, 4, '2026-06-13', 'Delivered', 'UPI', 1985.6),
(748, 3, 31, 2, '2026-06-13', 'Processing', 'UPI', 3403.9),
(749, 53, 5, 2, '2026-06-13', 'Processing', 'Net Banking', 26759.56),
(750, 24, 37, 1, '2026-06-13', 'Shipped', 'Cash on Delivery', 937.08),
(751, 48, 47, 1, '2026-06-13', 'Returned', 'Wallet', 711.02),
(752, 47, 18, 1, '2026-06-13', 'Cancelled', 'Net Banking', 1760.56),
(753, 57, 30, 1, '2026-06-13', 'Shipped', 'Credit Card', 1875.87),
(754, 3, 23, 3, '2026-06-13', 'Delivered', 'Debit Card', 6756.15),
(755, 48, 27, 1, '2026-06-14', 'Delivered', 'Credit Card', 415.95),
(756, 3, 12, 1, '2026-06-14', 'Shipped', 'Debit Card', 13131.37),
(757, 46, 14, 1, '2026-06-14', 'Delivered', 'Debit Card', 2218.96),
(758, 49, 5, 5, '2026-06-14', 'Delivered', 'Net Banking', 66898.9),
(759, 29, 31, 2, '2026-06-14', 'Shipped', 'Cash on Delivery', 3403.9),
(760, 55, 13, 4, '2026-06-14', 'Returned', 'Debit Card', 7360.8),
(761, 36, 43, 2, '2026-06-14', 'Delivered', 'Debit Card', 992.8),
(762, 20, 44, 1, '2026-06-14', 'Shipped', 'Net Banking', 6513.02),
(763, 42, 14, 1, '2026-06-14', 'Cancelled', 'Credit Card', 2218.96),
(764, 26, 33, 2, '2026-06-14', 'Delivered', 'Credit Card', 3747.78),
(765, 47, 6, 3, '2026-06-15', 'Delivered', 'Credit Card', 32424.57),
(766, 34, 37, 1, '2026-06-15', 'Processing', 'UPI', 937.08),
(767, 46, 39, 2, '2026-06-15', 'Returned', 'UPI', 1063.38),
(768, 3, 51, 1, '2026-06-15', 'Returned', 'Net Banking', 1601.49),
(769, 46, 39, 2, '2026-06-15', 'Processing', 'Net Banking', 1063.38),
(770, 16, 53, 1, '2026-06-15', 'Delivered', 'UPI', 1500.43),
(771, 46, 22, 4, '2026-06-15', 'Delivered', 'Net Banking', 3509.76),
(772, 25, 45, 3, '2026-06-15', 'Delivered', 'UPI', 5877.3),
(773, 16, 24, 2, '2026-06-15', 'Delivered', 'Cash on Delivery', 3681.64),
(774, 43, 17, 1, '2026-06-15', 'Delivered', 'Wallet', 3771.93),
(775, 53, 53, 3, '2026-06-15', 'Processing', 'UPI', 4501.29),
(776, 3, 14, 1, '2026-06-15', 'Delivered', 'Debit Card', 2218.96),
(777, 3, 21, 3, '2026-06-15', 'Returned', 'UPI', 3152.67),
(778, 45, 44, 2, '2026-06-15', 'Cancelled', 'Credit Card', 13026.04),
(779, 47, 1, 1, '2026-06-15', 'Delivered', 'Debit Card', 24457.42),
(780, 12, 10, 2, '2026-06-16', 'Shipped', 'Cash on Delivery', 49759.34),
(781, 46, 48, 1, '2026-06-16', 'Shipped', 'UPI', 187.11),
(782, 25, 33, 2, '2026-06-16', 'Returned', 'Debit Card', 3747.78),
(783, 26, 36, 1, '2026-06-16', 'Shipped', 'Wallet', 1931.3),
(784, 48, 41, 1, '2026-06-16', 'Delivered', 'Wallet', 1045.2),
(785, 3, 38, 1, '2026-06-16', 'Delivered', 'Debit Card', 1185.77),
(786, 25, 22, 1, '2026-06-16', 'Delivered', 'Net Banking', 877.44),
(787, 23, 38, 5, '2026-06-16', 'Delivered', 'Cash on Delivery', 5928.85),
(788, 45, 12, 3, '2026-06-16', 'Returned', 'Credit Card', 39394.11),
(789, 3, 35, 2, '2026-06-16', 'Delivered', 'Wallet', 1934.92),
(790, 48, 53, 3, '2026-06-16', 'Shipped', 'Wallet', 4501.29),
(791, 3, 5, 2, '2026-06-17', 'Delivered', 'Wallet', 26759.56),
(792, 16, 35, 3, '2026-06-17', 'Delivered', 'Credit Card', 2902.38),
(793, 45, 37, 4, '2026-06-17', 'Delivered', 'Debit Card', 3748.32),
(794, 4, 28, 2, '2026-06-17', 'Cancelled', 'Credit Card', 2380.84),
(795, 48, 8, 1, '2026-06-17', 'Delivered', 'Credit Card', 18355.3),
(796, 17, 4, 1, '2026-06-17', 'Delivered', 'Debit Card', 13924.17),
(797, 20, 31, 1, '2026-06-17', 'Cancelled', 'Debit Card', 1701.95),
(798, 3, 45, 2, '2026-06-17', 'Delivered', 'UPI', 3918.2),
(799, 20, 17, 2, '2026-06-18', 'Returned', 'Credit Card', 7543.86),
(800, 21, 39, 1, '2026-06-18', 'Cancelled', 'Debit Card', 531.69);

INSERT INTO orders (order_id, customer_id, product_id, quantity, order_date, order_status, payment_method, total_amount) VALUES
(801, 31, 52, 1, '2026-06-18', 'Shipped', 'Net Banking', 931.56),
(802, 3, 51, 3, '2026-06-18', 'Delivered', 'Credit Card', 4804.47),
(803, 2, 44, 1, '2026-06-18', 'Delivered', 'Cash on Delivery', 6513.02),
(804, 38, 40, 1, '2026-06-18', 'Shipped', 'Credit Card', 3479.06),
(805, 24, 18, 1, '2026-06-18', 'Delivered', 'Debit Card', 1760.56),
(806, 42, 40, 1, '2026-06-18', 'Delivered', 'UPI', 3479.06),
(807, 3, 22, 1, '2026-06-18', 'Delivered', 'Credit Card', 877.44),
(808, 25, 1, 1, '2026-06-19', 'Cancelled', 'Net Banking', 24457.42),
(809, 38, 43, 1, '2026-06-19', 'Shipped', 'UPI', 496.4),
(810, 48, 5, 1, '2026-06-19', 'Delivered', 'Debit Card', 13379.78),
(811, 38, 25, 2, '2026-06-19', 'Delivered', 'UPI', 1910.18),
(812, 38, 51, 4, '2026-06-19', 'Delivered', 'Net Banking', 6405.96),
(813, 24, 25, 1, '2026-06-19', 'Returned', 'Credit Card', 955.09),
(814, 60, 36, 3, '2026-06-19', 'Shipped', 'UPI', 5793.9),
(815, 46, 28, 1, '2026-06-19', 'Returned', 'Debit Card', 1190.42),
(816, 30, 55, 3, '2026-06-19', 'Processing', 'Net Banking', 3148.02),
(817, 18, 5, 3, '2026-06-20', 'Shipped', 'Wallet', 40139.34),
(818, 47, 7, 2, '2026-06-20', 'Delivered', 'Net Banking', 46500.54),
(819, 3, 4, 2, '2026-06-20', 'Returned', 'Credit Card', 27848.34),
(820, 18, 5, 1, '2026-06-20', 'Delivered', 'Cash on Delivery', 13379.78),
(821, 3, 15, 5, '2026-06-20', 'Delivered', 'Debit Card', 15627.35),
(822, 18, 38, 1, '2026-06-20', 'Processing', 'UPI', 1185.77),
(823, 25, 24, 2, '2026-06-20', 'Delivered', 'Wallet', 3681.64),
(824, 43, 52, 2, '2026-06-20', 'Delivered', 'Net Banking', 1863.12),
(825, 55, 38, 2, '2026-06-20', 'Delivered', 'Cash on Delivery', 2371.54),
(826, 3, 22, 4, '2026-06-20', 'Returned', 'Cash on Delivery', 3509.76),
(827, 22, 36, 2, '2026-06-20', 'Delivered', 'Cash on Delivery', 3862.6),
(828, 20, 28, 1, '2026-06-21', 'Cancelled', 'Wallet', 1190.42),
(829, 55, 33, 2, '2026-06-21', 'Processing', 'Wallet', 3747.78),
(830, 40, 44, 1, '2026-06-21', 'Cancelled', 'Debit Card', 6513.02),
(831, 43, 8, 2, '2026-06-21', 'Delivered', 'Credit Card', 36710.6),
(832, 38, 36, 1, '2026-06-21', 'Processing', 'UPI', 1931.3),
(833, 3, 53, 2, '2026-06-21', 'Delivered', 'UPI', 3000.86),
(834, 46, 14, 3, '2026-06-21', 'Processing', 'Wallet', 6656.88),
(835, 56, 19, 1, '2026-06-21', 'Delivered', 'UPI', 383.81),
(836, 38, 11, 4, '2026-06-21', 'Delivered', 'Net Banking', 38340.56),
(837, 46, 21, 1, '2026-06-21', 'Delivered', 'Cash on Delivery', 1050.89),
(838, 38, 40, 2, '2026-06-22', 'Returned', 'Credit Card', 6958.12),
(839, 38, 30, 1, '2026-06-22', 'Processing', 'Credit Card', 1875.87),
(840, 26, 36, 3, '2026-06-22', 'Processing', 'Cash on Delivery', 5793.9),
(841, 5, 35, 1, '2026-06-22', 'Delivered', 'Credit Card', 967.46),
(842, 38, 12, 4, '2026-06-22', 'Processing', 'Debit Card', 52525.48),
(843, 60, 2, 3, '2026-06-22', 'Cancelled', 'Credit Card', 57715.59),
(844, 30, 26, 3, '2026-06-22', 'Delivered', 'Cash on Delivery', 7437.72),
(845, 3, 21, 1, '2026-06-22', 'Processing', 'Net Banking', 1050.89),
(846, 12, 43, 3, '2026-06-22', 'Delivered', 'Credit Card', 1489.2),
(847, 3, 32, 3, '2026-06-22', 'Shipped', 'Cash on Delivery', 1276.08),
(848, 38, 50, 2, '2026-06-22', 'Processing', 'Wallet', 642.76),
(849, 46, 28, 1, '2026-06-22', 'Delivered', 'Debit Card', 1190.42),
(850, 38, 10, 4, '2026-06-22', 'Delivered', 'Cash on Delivery', 99518.68);